1,TestTable_10_101,04-3-2022 07:28:10
1,TestTable_10_101,11-3-2022 02:01:23
1,TestTable_10_101,28-3-2022 05:44:57
1,TestTable_10_101,28-3-2022 07:38:57
1,TestTable_10_101,29-3-2022 01:13:33
1,TestTable_10_101,30-3-2022 09:34:31
1,TestTable_10_101,30-3-2022 04:47:40
1,TestTable_10_101,30-3-2022 04:50:14
1,TestTable_10_101,30-3-2022 05:01:38
1,TestTable_10_101,31-3-2022 02:52:34
1,TestTable_10_101,31-3-2022 03:07:21
1,TestTable_10_101,31-3-2022 03:14:52
1,TestTable_10_101,31-3-2022 03:20:57
1,TestTable_10_101,31-3-2022 03:25:22
1,TestTable_10_101,31-3-2022 03:27:24
1,TestTable_10_101,31-3-2022 03:29:07
1,TestTable_10_101,31-3-2022 03:32:28
1,TestTable_10_101,31-3-2022 03:33:04
1,TestTable_10_101,31-3-2022 03:36:45
1,TestTable_10_101,31-3-2022 03:48:40
1,TestTable_10_101,31-3-2022 04:12:03
1,TestTable_10_101,31-3-2022 04:16:49
1,TestTable_10_101,31-3-2022 04:18:26
1,TestTable_10_101,31-3-2022 05:31:57
1,TestTable_10_101,31-3-2022 05:45:35
1,TestTable_10_101,31-3-2022 05:50:00
