TenantID,TableName,RequestTime
101,Demo_101,11-4-2022 07:17:04
101,Testing_101,21-6-2022 05:00:16
505,bug21_505,01-7-2022 07:25:19
505,ct14_505,01-7-2022 07:25:27
505,bug13_505,01-7-2022 07:25:33
505,final24_505,01-7-2022 07:25:41
505,ct15_505,01-7-2022 07:25:47
505,ct5_505,01-7-2022 07:25:52
505,ct7_505,01-7-2022 07:25:54
505,ct4_505,01-7-2022 07:25:59
505,ct8_505,01-7-2022 07:26:06
505,ct16_505,01-7-2022 07:26:12
505,ct17_505,01-7-2022 07:26:16
505,ct18_505,01-7-2022 07:26:32
505,ct10_505,01-7-2022 07:26:39
505,ct3_505,01-7-2022 07:26:46
505,ct9_505,01-7-2022 07:26:49
505,ct11_505,01-7-2022 07:26:53
505,ct13_505,01-7-2022 07:26:56
505,ct12_505,01-7-2022 07:27:03
505,ct2_505,01-7-2022 07:27:06
505,bug9_505,01-7-2022 07:27:11
505,bug19_505,01-7-2022 07:27:15
505,bug23_505,01-7-2022 07:27:23
505,bug11_505,01-7-2022 07:27:34
505,bug1_505,01-7-2022 07:27:41
505,final30_505,01-7-2022 07:27:48
505,final6_505,01-7-2022 07:27:58
505,final25_505,01-7-2022 07:28:01
505,final12_505,01-7-2022 07:28:08
505,final31_505,01-7-2022 07:28:11
505,final7_505,01-7-2022 07:28:17
505,final14_505,01-7-2022 07:28:20
505,final27_505,01-7-2022 07:28:26
505,final26_505,01-7-2022 07:28:32
505,final13_505,01-7-2022 07:28:34
505,final8_505,01-7-2022 07:28:40
505,final19_505,01-7-2022 07:28:48
505,final28_505,01-7-2022 07:28:50
505,final10_505,01-7-2022 07:29:00
505,final20_505,01-7-2022 07:29:02
505,final9_505,01-7-2022 07:29:04
505,final1_505,01-7-2022 07:29:15
505,final11_505,01-7-2022 07:29:18
505,final29_505,01-7-2022 07:29:20
505,final17_505,01-7-2022 07:29:26
505,final2_505,01-7-2022 07:29:28
505,final21_505,01-7-2022 07:29:30
505,final18_505,01-7-2022 07:29:40
505,final22_505,01-7-2022 07:29:42
505,final3_505,01-7-2022 07:29:44
505,final4_505,01-7-2022 07:29:52
505,final32_505,01-7-2022 07:29:55
505,final15_505,01-7-2022 07:29:57
505,final23_505,01-7-2022 07:30:11
505,final5_505,01-7-2022 07:30:13
505,final16_505,01-7-2022 07:30:16
505,finaltest5_505,01-7-2022 07:33:45
505,finaltest6_505,01-7-2022 07:33:52
505,finaltest7_505,01-7-2022 07:33:55
505,bug2_505,01-7-2022 07:35:23
505,bug3_505,01-7-2022 07:35:25
505,bug4_505,01-7-2022 07:35:28
505,bug5_505,01-7-2022 07:35:30
505,bug6_505,01-7-2022 07:35:32
505,bug7_505,01-7-2022 07:35:34
505,bug8_505,01-7-2022 07:35:36
505,bug10_505,01-7-2022 07:35:41
505,bug12_505,01-7-2022 07:35:44
505,bug14_505,01-7-2022 07:35:48
505,bug15_505,01-7-2022 07:35:51
505,bug16_505,01-7-2022 07:35:53
505,bug17_505,01-7-2022 07:35:55
505,bug18_505,01-7-2022 07:35:58
505,bug20_505,01-7-2022 07:36:02
505,finaltest1_505,01-7-2022 07:37:56
505,finaltest4_505,01-7-2022 07:38:01
199,tntest2_199,04-7-2022 02:54:17
200,tntest8_200,04-7-2022 02:54:28
201,tntest14_201,04-7-2022 02:54:43
